Acai 		
Amount Needed 	City 	Region 
25	Lodwar, KE 	Africa East 
50	Moundou, TD 	Africa East 
150	Antofagasta, CL 	S. America Lower 
1	Bogota, CO 	S. America Upper 
1,225	Total Amount 	
		
 		
Almond 		
Amount Needed 	City 	Region 
1	Honiara, SB 	Oceania East 
1	Total Amount 	
		
 		
Alpaca Doll 		
Amount Needed 	City 	Region 
50	Lichinga, MZ 	Africa South 
50	Riberalta, BR 	S. America Center 
100	Total Amount 	
		
 		
Aluminium 		
Amount Needed 	City 	Region 
25	Ust-Nero, RU 	Russia East 
50	Torquay, AU 	Oceania East 
150	Cairo, EG 	Africa East 
150	Hargeisa, SO 	Africa East 
150	Macapa, BR 	S. America Center 
525	Total Amount 	
		
 		
Anchovy 		
Amount Needed 	City 	Region 
50	Kikwit, DR 	Africa Center 
50	Hyden, AU 	Oceania West 
150	Posadas, AR 	S. America Lower 
150	Pucallpa, PE 	S. America Upper 
400	Total Amount 	
		
 		
Apple 		
Amount Needed 	City 	Region 
25	Ouesso, ROC 	Africa Center 
25	Ben Gardane, TN 	Africa West 
25	Gabu, GW 	Africa West 
25	Murun, MN 	Asia North 
25	Yorkton, SK 	Canada Center 
25	Whitehorse, YT 	Canada West 
25	Santa Ana, SV 	Central America 
25	Rosarito, MX 	Mexico 
50	Fianarantsoa, MG 	Africa South 
50	Wagga Wagga, AU 	Oceania East 
50	Puerto Iguazu, AR 	S. America Lower 
50	Ushuaia, AR 	S. America Lower 
50	Topeka, KS 	USA South 
50	Olympia, WA 	USA West 
150	Luanda, AO 	Africa South 
150	Casablanca, MA 	Africa West 
150	Sochi, RU 	Russia West 
150	Santa Maria, BR 	S. America Center 
150	Concordia, AR 	S. America Lower 
350	Juneau, AK 	Alaska 
350	Morelia, MX 	Mexico 
350	Brisbane, AU 	Oceania East 
350	Quito, EC 	S. America Upper 
350	Salt Lake City, UT 	USA West 
3	Total Amount 	
		
 		
Arctic Root 		
Amount Needed 	City 	Region 
0	Total Amount 	
		
 		
Asparagus 		
Amount Needed 	City 	Region 
50	Misrata, LY 	Africa East 
50	Kankan, GN 	Africa West 
50	Puerto Natales, CL 	S. America Lower 
150	Khartoum, SD 	Africa East 
150	Novokuznetsk, RU 	Russia East 
450	Total Amount 	
		
 		
Aussie Spring Water 		
Amount Needed 	City 	Region 
50	Longreach, AU 	Oceania East 
50	Total Amount 	
		
 		
Avocado 		
Amount Needed 	City 	Region 
50	Marsabit, KE 	Africa East 
50	Sarh, TD 	Africa East 
150	Punta Arenas, CL 	S. America Lower 
350	Barquisimeto, VE 	S. America Upper 
600	Total Amount 	
		
 		
Bag of Flour 		
Amount Needed 	City 	Region 
350	Belem, BR 	S. America Center 
350	Total Amount 	
		
 		
Bamboo 		
Amount Needed 	City 	Region 
25	Beledweyne, SO 	Africa East 
50	Luxor, EG 	Africa East 
50	Warburton, AU 	Oceania West 
150	Iquitos, PE 	S. America Upper 
350	Bayingol, CN 	Asia North 
625	Total Amount 	
		
 		
Banana 		
Amount Needed 	City 	Region 
25	Aweil, SS 	Africa Center 
25	San Salvador, SV 	Central America 
50	Kolwezi, DR 	Africa Center 
50	Guadalajara, MX 	Mexico 
50	Los Mochis, MX 	Mexico 
50	Kalbarri, AU 	Oceania West 
150	Ponce, PR 	Caribbean 
150	Mexicali, MX 	Mexico 
550	Total Amount 	
		
 		
BBQ Rib 		
Amount Needed 	City 	Region 
25	Al-Jawf, LY 	Africa East 
25	Arba Minch, ET 	Africa East 
50	Ballarat, AU 	Oceania East 
50	Huslia, AK 	Alaska 
50	Columbia, SC 	USA South 
150	Kingston, ON 	Canada East 
350	Guilin, CN 	Asia North 
350	San Juan, PR 	Caribbean 
350	Tepic, MX 	Mexico 
350	Salvador, BR 	S. America Center 
1	New York, NY 	USA East 
2,75	Total Amount 	
		
 		
Beet 		
Amount Needed 	City 	Region 
25	Santa Cruz, BO 	S. America Center 
50	Malakal, SS 	Africa Center 
50	Malanje, AO 	Africa South 
125	Total Amount 	
		
 		
Bonbon 		
Amount Needed 	City 	Region 
25	Bandarbelya, SO 	Africa East 
25	Kiev, UA 	Europe North 
50	El Qasr, EG 	Africa East 
150	Vienna, AT 	Europe East 
150	Valleta, MT 	Europe South 
400	Total Amount 	
		
 		
Boomerang 		
Amount Needed 	City 	Region 
50	Cervantes, AU 	Oceania West 
50	Total Amount 	
		
 		
Cabbage 		
Amount Needed 	City 	Region 
25	Boke, GN 	Africa West 
25	Dehiba, TN 	Africa West 
50	Marrakesh, MA 	Africa West 
100	Total Amount 	
		
 		
Cacao 		
Amount Needed 	City 	Region 
50	Matadi, DR 	Africa Center 
150	Mar Del Plata, AR 	S. America Lower 
150	Port of Spain, TTO 	S. America Upper 
350	Total Amount 	
		
 		
Camu Camu 		
Amount Needed 	City 	Region 
25	Dongola, SD 	Africa East 
350	Manaus, BR 	S. America Center 
375	Total Amount 	
		
 		
Candle 		
Amount Needed 	City 	Region 
25	Taxco, MX 	Mexico 
50	Gemena, DR 	Africa Center 
50	Santiago De Los Caballeros, DO 	Caribbean 
50	Helsinki, FI 	Europe North 
50	Tirana, AL 	Europe South 
150	Douala, CM 	Africa Center 
150	Sasmara, ER 	Africa East 
150	Nalchik, RU 	Russia West 
150	Arequipa, PE 	S. America Upper 
1	Copenhagen, DK 	Europe North 
1	Barcelona, ES 	Europe South 
2,825	Total Amount 	
		
 		
Carrot 		
Amount Needed 	City 	Region 
25	Sirte, LY 	Africa East 
25	Bobo-Dioulasso, BF 	Africa West 
50	Ad-Damazin, SD 	Africa East 
50	Belfast, IE 	Europe West 
50	Billings, MT 	USA Center 
50	Cheyenne, WY 	USA Center 
150	Xalapa, MX 	Mexico 
350	Voronezh, RU 	Russia West 
350	Chicago, IL 	USA Center 
1	Osaka, JP 	Asia East 
2,1	Total Amount 	
		
 		
Cashew 		
Amount Needed 	City 	Region 
25	Impfondo, ROC 	Africa Center 
50	Geraldtron, AU 	Oceania West 
50	Rio Grande, AR 	S. America Lower 
150	Ciudad Bolivar, VE 	S. America Upper 
275	Total Amount 	
		
 		
Casino Chip 		
Amount Needed 	City 	Region 
25	Bangui, CF 	Africa Center 
25	Skopje, MK 	Europe South 
50	Bilbao, ES 	Europe South 
150	Tegucigalpa, HN 	Central America 
350	Madrid, ES 	Europe South 
1	Monaco 	Europe South 
1,6	Total Amount 	
		
 		
Cassava 		
Amount Needed 	City 	Region 
50	El Obeid, SD 	Africa East 
350	Rio de Janeiro, BR 	S. America Center 
400	Total Amount 	
		
 		
Cauliflower 		
Amount Needed 	City 	Region 
25	Oshakati, NA 	Africa South 
25	Red Devil, AK 	Alaska 
50	Likasi, DR 	Africa Center 
50	Birdsville, AU 	Oceania East 
150	Juba, SS 	Africa Center 
150	Sakhalin, RU 	Russia East 
1	Shenzhen, CN 	Asia North 
1,45	Total Amount 	
		
 		
Chai 		
Amount Needed 	City 	Region 
25	Maxixe, MZ 	Africa South 
350	Manakara, MG 	Africa South 
350	Cali, CO 	S. America Upper 
1	Santiago, CL 	S. America Lower 
1,725	Total Amount 	
		
 		
Cheddar Cheese 		
Amount Needed 	City 	Region 
50	Marla, AU 	Oceania West 
50	Total Amount 	
		
 		
Chicken 		
Amount Needed 	City 	Region 
25	Lucapa, AO 	Africa South 
50	Chimoio, MZ 	Africa South 
50	Fredericton, NB 	Canada East 
50	Yuzhno-Sakhalinsk, RU 	Russia East 
50	Elista, RU 	Russia West 
150	Kampala, UG 	Africa Center 
150	Brussels, BE 	Europe West 
150	Oklahoma City, OK 	USA South 
150	Denver, CO 	USA West 
350	Kowloon, HK 	Asia North 
350	Perth, AU 	Oceania West 
1	Hangzhou, CN 	Asia North 
1	Monterrey, MX 	Mexico 
1	Philadelphia, PA 	USA East 
4,525	Total Amount 	
		
 		
Chinese Spring Water 		
Amount Needed 	City 	Region 
25	Owando, ROC 	Africa Center 
1	Tokyo, JP 	Asia East 
1,025	Total Amount 	
		
 		
Chlorine 		
Amount Needed 	City 	Region 
25	Lambarene, GA 	Africa Center 
150	Ulan-Ude, RU 	Russia East 
175	Total Amount 	
		
 		
Chopsticks 		
Amount Needed 	City 	Region 
25	Oum Dreyga, EH 	Africa West 
150	Niamey, NE 	Africa West 
150	Bahia Blanca, AR 	S. America Lower 
350	Busan, SK 	Asia East 
350	Pyongyang, NK 	Asia East 
1	Chongqing, CN 	Asia North 
2,025	Total Amount 	
		
 		
Chullo Hat 		
Amount Needed 	City 	Region 
50	Nayla, SD 	Africa East 
1	Rio Grande, BR 	S. America Center 
1,05	Total Amount 	
		
 		
Chunk of Amber 		
Amount Needed 	City 	Region 
50	Ngaoundere, CM 	Africa Center 
50	Cherkessk, RU 	Russia West 
350	Santa Fe, AR 	S. America Lower 
450	Total Amount 	
		
 		
Cinnamon 		
Amount Needed 	City 	Region 
1	Canberra, AU 	Oceania East 
1	Total Amount 	
		
 		
Clog 		
Amount Needed 	City 	Region 
150	Barnako, ML 	Africa West 
150	Fes, MA 	Africa West 
300	Total Amount 	
		
 		
Coal 		
Amount Needed 	City 	Region 
25	Zyryanka, RU 	Russia East 
50	Beni Mellal, MA 	Africa West 
50	Tieret, TN 	Africa West 
150	Conakry, GN 	Africa West 
150	Nukus, UZ 	Asia Center 
150	Kamchatka Krai, RU 	Russia East 
1	Shijiazhuang, CN 	Asia North 
1,575	Total Amount 	
		
 		
Coffee Beans 		
Amount Needed 	City 	Region 
25	Abri, SD 	Africa East 
25	Eek, AK 	Alaska 
25	Belmopan, BZ 	Central America 
50	Berberati,CF 	Africa Center 
50	Bumba, DR 	Africa Center 
150	Pavlodar, KZ 	Asia Center 
150	Villahermosa, MX 	Mexico 
350	Fukuoka, JP 	Asia East 
350	Changchun, CN 	Asia North 
350	Merida, MX 	Mexico 
1	Mexico City, MX 	Mexico 
1	Tijuana, MX 	Mexico 
3,525	Total Amount 	
		
 		
Cooking Oil 		
Amount Needed 	City 	Region 
25	Hobyo, SO 	Africa East 
25	Kharga, EG 	Africa East 
150	Moroni, KM 	Africa South 
350	Rostov-on-Don, RU 	Russia West 
350	Barranquilla, CO 	S. America Upper 
1	Saint Petersburg, RU 	Russia West 
1,9	Total Amount 	
		
 		
Copper 		
Amount Needed 	City 	Region 
25	Awjilah, LY 	Africa East 
25	Lome, TG 	Africa West 
50	Kassala, SD 	Africa East 
50	Bismarck, ND 	USA Center 
50	El Paso, TX 	USA West 
150	Ciudad Victoria, MX 	Mexico 
150	Yoshkar-Ola, RU 	Russia West 
150	Miami, FL 	USA South 
350	St. John's, NL 	Canada East 
350	Hermosillo, MX 	Mexico 
350	La Paz, BO 	S. America Center 
1,7	Total Amount 	
		
 		
Copper Cable 		
Amount Needed 	City 	Region 
25	Mahalapye, BW 	Africa South 
50	Geroge, SA 	Africa South 
50	Norilsk, RU 	Russia East 
125	Total Amount 	
		
 		
Corn 		
Amount Needed 	City 	Region 
25	Dover, DE 	USA East 
25	Montpelier, VT 	USA East 
50	Gulu, UG 	Africa Center 
50	Atyrau, KZ 	Asia Center 
50	Hazelton, BC 	Canada West 
50	El Salvador, CL 	S. America Lower 
50	Nazca, PE 	S. America Upper 
150	Lubumbashi, DR 	Africa Center 
350	Hulun Buir, CN 	Asia North 
350	Krasnoyarsk Krai, RU 	Russia East 
350	Medellin, CO 	S. America Upper 
350	Detroit, MI 	USA East 
1	New Orleans, LA 	USA South 
2,85	Total Amount 	
		
 		
Cotton 		
Amount Needed 	City 	Region 
50	Baidoa, SO 	Africa East 
50	Port Said, EG 	Africa East 
150	Mamoudzou, YT 	Africa South 
350	Ashgabat, TM 	Asia Center 
350	Zhengzhou, CN 	Asia North 
350	Guayaquil, EC 	S. America Upper 
1,3	Total Amount 	
		
 		
Cow 		
Amount Needed 	City 	Region 
25	Egvekinot, RU 	Russia East 
25	Kennewick, WA 	USA West 
50	Lobito, AO 	Africa South 
50	Tete, MZ 	Africa South 
50	Albany, AU 	Oceania West 
150	Kigali, RW 	Africa Center 
150	Nuiqsut, AK 	Alaska 
150	Budapest, HU 	Europe East 
150	Monclova, MX 	Mexico 
150	Natal, BR 	S. America Center 
150	Pittsburgh, PA 	USA East 
350	Nashville, TN 	USA South 
1,45	Total Amount 	
		
 		
Cricket Bat 		
Amount Needed 	City 	Region 
25	Catio, GW 	Africa West 
50	Gabes, TN 	Africa West 
1	Asuncion, PY 	S. America Center 
1,075	Total Amount 	
		
 		
Cupuacu 		
Amount Needed 	City 	Region 
150	Coquimbo, CL 	S. America Lower 
150	Bucaramanga, CO 	S. America Upper 
300	Total Amount 	
		
 		
Daikon 		
Amount Needed 	City 	Region 
50	Dakhla, EH 	Africa West 
150	Algies, AL 	Africa West 
350	Nanjing, CN 	Asia North 
550	Total Amount 	
		
 		
Didgeridoo 		
Amount Needed 	City 	Region 
50	Newman, AU 	Oceania West 
50	Total Amount 	
		
 		
Diesel Fuel 		
Amount Needed 	City 	Region 
25	Beaufort West, SA 	Africa South 
25	Gaborone, BW 	Africa South 
50	Novy Urengoy, RU 	Russia East 
50	Cayenne, GF 	S. America Upper 
150	Bishkek, KG 	Asia Center 
350	Taichung City, TW 	Asia North 
350	Ufa, RU 	Russia West 
1	Sucre, BO 	S. America Center 
2	Total Amount 	
		
 		
Egg 		
Amount Needed 	City 	Region 
25	Franceville, GA 	Africa Center 
50	Port Augusta, AU 	Oceania West 
150	Saint-Denis, RE 	Africa South 
150	Lhasa, CN 	Asia North 
150	Cartangena, CO 	S. America Upper 
350	Christchurch, NZ 	Oceania East 
875	Total Amount 	
		
 		
Firework 		
Amount Needed 	City 	Region 
25	The Pas, MB 	Canada Center 
50	Marsa Matruh, EG 	Africa East 
50	Boulia, AU 	Oceania East 
150	Blantyre, MW 	Africa Center 
150	Bunia, DR 	Africa Center 
150	Atlanta, GA 	USA South 
350	Calgary, AB 	Canada West 
350	Kingston, JM 	Caribbean 
1	Montreal, QC 	Canada East 
2,275	Total Amount 	
		
 		
Flour 		
Amount Needed 	City 	Region 
150	Cape Town, SA 	Africa South 
150	Kano, NG 	Africa West 
300	Total Amount 	
		
 		
Gasoline Tank 		
Amount Needed 	City 	Region 
25	Maun, BW 	Africa South 
25	Boucraa, EH 	Africa West 
50	Abuja, NG 	Africa West 
150	Port Harcourt, NG 	Africa West 
150	Shymkent, KZ 	Asia Center 
150	Nizhnevartovsk, RU 	Russia East 
350	Okinawa, JP 	Asia East 
900	Total Amount 	
		
 		
Grape 		
Amount Needed 	City 	Region 
25	Neryungri, RU 	Russia East 
50	Benghazi, LY 	Africa East 
50	Port Sudan, SD 	Africa East 
50	Coral Bay, AU 	Oceania West 
350	Curitiba, BR 	S. America Center 
525	Total Amount 	
		
 		
Green Tea 		
Amount Needed 	City 	Region 
25	Nsharm El-Sheikh, EG 	Africa East 
50	Launceston, AU 	Oceania East 
150	Mogadishu, SO 	Africa East 
1	Shanghai, CN 	Asia North 
1	Lima, PE 	S. America Upper 
2,225	Total Amount 	
		
 		
Guava 		
Amount Needed 	City 	Region 
25	Am Timan, TD 	Africa East 
50	Wajir, KE 	Africa East 
150	Neuquen, AR 	S. America Lower 
150	Paramaribo, SR 	S. America Upper 
375	Total Amount 	
		
 		
Guitar 		
Amount Needed 	City 	Region 
50	Mwene-Ditu, DR 	Africa Center 
350	Porto Alegre, BR 	S. America Center 
400	Total Amount 	
		
 		
Gzhel 		
Amount Needed 	City 	Region 
25	Vredendal, SA 	Africa South 
150	Vladimir, RU 	Russia West 
175	Total Amount 	
		
 		
Hand Fan 		
Amount Needed 	City 	Region 
25	Makokou, GA 	Africa Center 
25	Total Amount 	
		
 		
Hockey Stick 		
Amount Needed 	City 	Region 
25	Shahat, LY 	Africa East 
25	Galesburg, IL 	USA Center 
50	Shashamane, ET 	Africa East 
50	Fort Yukon, AK 	Alaska 
50	Saint Paul, MN 	USA Center 
150	Zurich, CH 	Europe West 
150	Komsomolsk-on-Amur, RU 	Russia East 
350	Tuxtla Gutierrez, MX 	Mexico 
1	Guatemala, GT 	Central America 
1,85	Total Amount 	
		
 		
Holy Water 		
Amount Needed 	City 	Region 
25	Errachidia, MA 	Africa West 
25	Santiago, PA 	Central America 
25	Tallinn, EE 	Europe North 
25	Rome, IT 	Europe South 
50	Cluj-Napoca, RO 	Europe East 
50	Chetumal, MX 	Mexico 
150	Accra, GH 	Africa West 
350	Total Amount 	
		
 		
Honey 		
Amount Needed 	City 	Region 
25	Ghat, LY 	Africa East 
25	Santo Domingo, DO 	Caribbean 
25	Riga, LV 	Europe North 
25	Des Moines, IA 	USA Center 
25	Rapid City, SD 	USA Center 
25	Harrisburg, PA 	USA East 
50	Gambela, ET 	Africa East 
150	Malabo, GQ 	Africa Center 
150	Cheboksary, RU 	Russia West 
150	Izhevsk, RU 	Russia West 
150	Coro, VE 	S. America Upper 
350	Foshan, CN 	Asia North 
1,15	Total Amount 	
		
 		
Ice Blocks 		
Amount Needed 	City 	Region 
0	Total Amount 	
		
 		
Ice Cream 		
Amount Needed 	City 	Region 
350	Sydney, AU 	Oceania East 
350	Adelaide, AU 	Oceania West 
700	Total Amount 	
		
 		
Incense 		
Amount Needed 	City 	Region 
50	Asyut, EG 	Africa East 
50	Kismayo, SO 	Africa East 
1	Chengdu, CN 	Asia North 
1,1	Total Amount 	
		
 		
Instant Ramen 		
Amount Needed 	City 	Region 
25	Antsiranana, MG 	Africa South 
25	Al Mahbes, EH 	Africa West 
150	Maiduguri, NG 	Africa West 
1	Tianjin, CN 	Asia North 
1,2	Total Amount 	
		
 		
Iron 		
Amount Needed 	City 	Region 
25	Kalemie, DR 	Africa Center 
25	Mpanda, TZ 	Africa Center 
25	Fort Simpson, NT 	Canada West 
50	Pierre, SD 	USA Center 
50	Santa Fe, NM 	USA West 
150	Maturin, VE 	S. America Upper 
350	Culiacan, MX 	Mexico 
350	Yekaterinburg, RU 	Russia West 
350	Albuquerque, NM 	USA West 
1,375	Total Amount 	
		
 		
Jackfruit 		
Amount Needed 	City 	Region 
1	Port Vila, VU 	Oceania East 
1	Total Amount 	
		
 		
Jade 		
Amount Needed 	City 	Region 
25	Maintirano, MG 	Africa South 
25	Upington, SA 	Africa South 
350	Changsha, CN 	Asia North 
350	Mendoza, AR 	S. America Lower 
750	Total Amount 	
		
 		
Japanese Spring Water 		
Amount Needed 	City 	Region 
50	Polokwane, SA 	Africa South 
50	Choibalsan, MN 	Asia North 
100	Total Amount 	
		
 		
Kendama 		
Amount Needed 	City 	Region 
25	Ambanja, MG 	Africa South 
50	Durban, SA 	Africa South 
150	Altay, CN 	Asia North 
225	Total Amount 	
		
 		
Kimono 		
Amount Needed 	City 	Region 
25	Serowe, BW 	Africa South 
150	Port Elizabeth, SA 	Africa South 
1	Beijing, CN 	Asia North 
1,175	Total Amount 	
		
 		
Koala Plush 		
Amount Needed 	City 	Region 
150	Derby, AU 	Oceania West 
150	Total Amount 	
		
 		
Korean Spring Water 		
Amount Needed 	City 	Region 
50	Constantine, AL 	Africa West 
50	Saint Louis, SN 	Africa West 
150	Tianjun, CN 	Asia North 
350	Sendai, JP 	Asia East 
600	Total Amount 	
		
 		
Lacquer Box 		
Amount Needed 	City 	Region 
25	Warmbad, NA 	Africa South 
50	Luanshya, ZM 	Africa South 
150	Makhachkala, RU 	Russia West 
225	Total Amount 	
		
 		
Lead 		
Amount Needed 	City 	Region 
25	Banjul, GM 	Africa West 
150	Tunis, TN 	Africa West 
150	Boa Vista, BR 	S. America Center 
325	Total Amount 	
		
 		
Lemon 		
Amount Needed 	City 	Region 
25	Namibe, AO 	Africa South 
50	Mutare, ZW 	Africa South 
50	Sherbrooke, QC 	Canada East 
50	Karratha, AU 	Oceania West 
50	Springfield, IL 	USA Center 
50	Albany, NY 	USA East 
150	Bujumbura, BI 	Africa Center 
150	Baltimore, MD 	USA East 
350	Barrow, AK 	Alaska 
350	Phoenix, AZ 	USA West 
1	Tyumen, RU 	Russia East 
2,275	Total Amount 	
		
 		
Lime 		
Amount Needed 	City 	Region 
1	Wellington, NZ 	Oceania East 
1	Total Amount 	
		
 		
Lotus Flower 		
Amount Needed 	City 	Region 
25	Tchibanga, GA 	Africa Center 
1	Harbin, CN 	Asia North 
1,025	Total Amount 	
		
 		
Mahogany Timber 		
Amount Needed 	City 	Region 
25	Ballou, SN 	Africa West 
25	El Boma, AL 	Africa West 
150	Cusco, PE 	S. America Upper 
350	Cordoba, AR 	S. America Lower 
550	Total Amount 	
		
 		
Mango 		
Amount Needed 	City 	Region 
1	Port Moresby, PG 	Oceania East 
1	Total Amount 	
		
 		
Matryoshka Doll 		
Amount Needed 	City 	Region 
25	Ouarzazate, MA 	Africa West 
50	Tamale, GH 	Africa West 
150	Veliky Novgorod, RU 	Russia West 
225	Total Amount 	
		
 		
Meatball 		
Amount Needed 	City 	Region 
25	Bouarfa, MA 	Africa West 
50	Timisoara, RO 	Europe East 
150	Kumasi, GH 	Africa West 
150	Porto, PT 	Europe South 
150	Concepcion, CL 	S. America Lower 
350	Athens, GR 	Europe South 
350	Campeche, MX 	Mexico 
1,225	Total Amount 	
		
 		
Micro Processor 		
Amount Needed 	City 	Region 
25	Luderitz, NA 	Africa South 
50	Montego Bay, JM 	Caribbean 
50	Tucson, AZ 	USA West 
150	Kinshasa, DR 	Africa Center 
150	Lusaka, ZM 	Africa South 
150	Colima, MX 	Mexico 
350	Sapporo, JP 	Asia East 
350	Vancouver, BC 	Canada West 
350	Novosibirsk, RU 	Russia East 
350	Nizhny Novgorod, RU 	Russia West 
1	Toronto, ON 	Canada East 
1	San Francisco, CA 	USA West 
3,975	Total Amount 	
		
 		
Milk 		
Amount Needed 	City 	Region 
50	Mataranka, AU 	Oceania West 
50	Port Lincoln, AU 	Oceania West 
100	Total Amount 	
		
 		
Mini Lantern 		
Amount Needed 	City 	Region 
50	Kitale, KE 	Africa East 
150	N'Djamena, TD 	Africa East 
350	Taipei, TW 	Asia North 
550	Total Amount 	
		
 		
Oil 		
Amount Needed 	City 	Region 
25	Richmond, VA 	USA East 
50	Freetown, SL 	Africa West 
50	Gafsa, TN 	Africa West 
50	Rabat, MA 	Africa West 
50	Carpentaria, AU 	Oceania East 
50	Rivera, BR 	S. America Center 
50	Helena, MT 	USA Center 
50	Providence, RI 	USA East 
150	Halifax, NS 	Canada East 
150	Irkutsk, RU 	Russia East 
350	Almaty, KZ 	Asia Center 
1	Banff, AB 	Canada West 
2,025	Total Amount 	
		
 		
Onion 		
Amount Needed 	City 	Region 
25	Shendi, SD 	Africa East 
25	Waddan, LY 	Africa East 
25	Chisinau, MD 	Europe East 
50	Bratislava, SK 	Europe East 
50	Mildura, AU 	Oceania East 
150	Zagreb, HR 	Europe South 
350	Prague, CZ 	Europe East 
350	Samara, RU 	Russia West 
1	Durango, MX 	Mexico 
2,025	Total Amount 	
		
 		
Orange 		
Amount Needed 	City 	Region 
25	Makambako, TZ 	Africa Center 
25	Yakutat, AK 	Alaska 
25	Iskut, BC 	Canada West 
25	Jefferson City, MO 	USA South 
50	Warnambool, AU 	Oceania East 
50	Kananga, DR 	Africa Center 
50	Malindi, KE 	Africa East 
50	Petropavlovsk-Kamchatsky, RU 	Russia East 
50	Hartford, CT 	USA East 
150	Sacramento, CA 	USA West 
350	Uralsk, KZ 	Asia Center 
350	Xiamen, CN 	Asia North 
350	Washington, DC 	USA East 
1,55	Total Amount 	
		
 		
Origami 		
Amount Needed 	City 	Region 
25	Mekambo, GA 	Africa Center 
150	Kaxgar, CN 	Asia North 
175	Total Amount 	
		
 		
Palm Oil 		
Amount Needed 	City 	Region 
50	Sousse, TN 	Africa West 
50	Ziguinchor, SN 	Africa West 
50	Borroloola, AU 	Oceania West 
350	Recife, BR 	S. America Center 
500	Total Amount 	
		
 		
Papaya 		
Amount Needed 	City 	Region 
50	Ouragla, AL 	Africa West 
50	Touba, SN 	Africa West 
50	Puerto Madryn, AR 	S. America Lower 
150	Sorong, PG 	Oceania East 
150	Georgetown, GY 	S. America Upper 
450	Total Amount 	
		
 		
Paper 		
Amount Needed 	City 	Region 
25	Mwanza, TZ 	Africa Center 
25	Cuvelai, AO 	Africa South 
50	Gweru, ZW 	Africa South 
50	Madison, WI 	USA Center 
50	Tallahassee, FL 	USA South 
150	Blagoveshchensk, RU 	Russia East 
150	Raleigh, NC 	USA East 
350	Acapulco, MX 	Mexico 
350	Columbus, OH 	USA East 
1,2	Total Amount 	
		
 		
Parka 		
Amount Needed 	City 	Region 
50	Kalomo, ZM 	Africa South 
150	Windhoek, NA 	Africa South 
350	Fairbanks, AK 	Alaska 
350	Ottawa, ON 	Canada East 
1	Berlin, DE 	Europe North 
1	Seattle, WA 	USA West 
2,9	Total Amount 	
		
 		
Passionfruit 		
Amount Needed 	City 	Region 
50	Port Hedland, AU 	Oceania West 
1	Pago Pago, AS 	Oceania East 
1,05	Total Amount 	
		
 		
Pasta 		
Amount Needed 	City 	Region 
25	Swia Oasis, EG 	Africa East 
50	Bosaso, SO 	Africa East 
50	Naples, IT 	Europe South 
50	Luxembourg City, LU 	Europe West 
150	Cardiff, UK 	Europe West 
1	Panama, PA 	Central America 
1	Cancun, MX 	Mexico 
2,325	Total Amount 	
		
 		
Peanut 		
Amount Needed 	City 	Region 
25	Naknek, AK 	Alaska 
25	Guasave, MX 	Mexico 
25	San Luis Potosi, MX 	Mexico 
50	Agadir, MA 	Africa West 
50	Kenema, SL 	Africa West 
50	Tangier, MA 	Africa West 
350	La Paz, MX 	Mexico 
1	The Bahamas 	Caribbean 
1,575	Total Amount 	
		
 		
Pear 		
Amount Needed 	City 	Region 
25	Andapa, MG 	Africa South 
25	Richards Bay, SA 	Africa South 
50	Cocklebiddy, AU 	Oceania West 
150	Huancayo, PE 	S. America Upper 
1	Guangzhou, CN 	Asia North 
1,25	Total Amount 	
		
 		
Pearl 		
Amount Needed 	City 	Region 
25	Sibiti, ROC 	Africa Center 
350	Yantai, CN 	Asia North 
375	Total Amount 	
		
 		
Pepper 		
Amount Needed 	City 	Region 
50	Agadez, NE 	Africa West 
150	Maseru, LS 	Africa South 
150	Townsville, AU 	Oceania East 
350	Total Amount 	
		
 		
Persimmon 		
Amount Needed 	City 	Region 
50	Aswan, EG 	Africa East 
150	Mombasa, KE 	Africa East 
350	Qingdao, CN 	Asia North 
550	Total Amount 	
		
 		
Pig 		
Amount Needed 	City 	Region 
25	Sabha, LY 	Africa East 
25	Augusta, ME 	USA East 
50	Bahur Dar, ET 	Africa East 
50	Trenton, NJ 	USA East 
150	Point Hope, AK 	Alaska 
150	Regina, SK 	Canada Center 
150	Wood Buffalo, AB 	Canada West 
350	Dallas, TX 	USA South 
950	Total Amount 	
		
 		
Pineapple 		
Amount Needed 	City 	Region 
50	Kabinda, DR 	Africa Center 
50	Berbera, SO 	Africa East 
150	Dodoma, TZ 	Africa Center 
150	Chignik, AK 	Alaska 
150	Dunedin, NZ 	Oceania East 
350	Tashkent, UZ 	Asia Center 
350	Melbourne, AU 	Oceania East 
1,25	Total Amount 	
		
 		
Pink Salt 		
Amount Needed 	City 	Region 
50	Tshikapa, DR 	Africa Center 
1	Brasilia, BR 	S. America Center 
1,05	Total Amount 	
		
 		
Pizza 		
Amount Needed 	City 	Region 
25	Toledo, OH 	USA East 
50	Oujda, MA 	Africa West 
50	White Mountain, AK 	Alaska 
50	Mount Isa, AU 	Oceania East 
50	Lincoln, NE 	USA Center 
150	Abidjan, CI 	Africa West 
150	Winnipeg, MB 	Canada Center 
150	London, ON 	Canada East 
150	Calama, CL 	S. America Lower 
150	Comodoro Rivadavia, AR 	S. America Lower 
350	Austin, TX 	USA South 
1	Los Angeles, CA 	USA West 
2,325	Total Amount 	
		
 		
Pocket Game 		
Amount Needed 	City 	Region 
25	Bir Anzerane, EH 	Africa West 
150	Oran, AL 	Africa West 
150	Kumul, CN 	Asia North 
150	Darwin, AU 	Oceania West 
350	Kyoto, JP 	Asia East 
350	Buenos Aires, AR 	S. America Lower 
1,175	Total Amount 	
		
 		
Pollock 		
Amount Needed 	City 	Region 
0	Total Amount 	
		
 		
Polo Mallet 		
Amount Needed 	City 	Region 
50	Al-Fashir, SD 	Africa East 
150	Iquique, CL 	S. America Lower 
200	Total Amount 	
		
 		
Poutine 		
Amount Needed 	City 	Region 
25	Pointe-Noire, ROC 	Africa Center 
25	Mansa, ZM 	Africa South 
50	Walvis Bay, NA 	Africa South 
50	Kamloops, BC 	Canada West 
50	Punta Cana, DO 	Caribbean 
150	Ciudad Obregon, MX 	Mexico 
150	Portland, OR 	USA West 
350	Homer, AK 	Alaska 
1	Ciudad Juarez, MX 	Mexico 
1	Houston, TX 	USA South 
2,85	Total Amount 	
		
 		
Power Cable 		
Amount Needed 	City 	Region 
50	Port-Gentil, GA 	Africa Center 
150	Saransk, RU 	Russia West 
200	Total Amount 	
		
 		
Pumpkin 		
Amount Needed 	City 	Region 
25	Menongue, AO 	Africa South 
50	Mzuzu, MW 	Africa Center 
150	Bulawayo, ZW 	Africa South 
150	Ust-Kamenogorsk, KZ 	Asia Center 
1	Wuhan, CN 	Asia North 
1	Mata'utu, AS 	Oceania East 
2,375	Total Amount 	
		
 		
Qipao 		
Amount Needed 	City 	Region 
25	Mahikeng, SA 	Africa South 
150	Antananarivo, MG 	Africa South 
350	Nanning, CN 	Asia North 
525	Total Amount 	
		
 		
Quinoa 		
Amount Needed 	City 	Region 
50	Quelimane, MZ 	Africa South 
50	Toliara, MG 	Africa South 
50	Araguaina, BR 	S. America Center 
350	Rosario, AR 	S. America Lower 
500	Total Amount 	
		
 		
Replica Faberge Egg 		
Amount Needed 	City 	Region 
25	Keetmanshoop, NA 	Africa South 
25	Solwezi, ZM 	Africa South 
50	Total Amount 	
		
 		
Replica Shuriken 		
Amount Needed 	City 	Region 
50	Bordj Bou, AL 	Africa West 
350	Hiroshima, JP 	Asia East 
400	Total Amount 	
		
 		
Replica Sword 		
Amount Needed 	City 	Region 
25	Selibe Phikwe, BW 	Africa South 
50	East London, SA 	Africa South 
75	Total Amount 	
		
 		
Rice 		
Amount Needed 	City 	Region 
50	Jijel, AL 	Africa West 
50	Nouakchott, MU 	Africa West 
350	Nagoya, JP 	Asia East 
350	Xilingol, CN 	Asia North 
350	Valencia, VE 	S. America Upper 
1,15	Total Amount 	
		
 		
Rosewood Timber 		
Amount Needed 	City 	Region 
25	Abeche, TD 	Africa East 
50	Garissa, KE 	Africa East 
150	Tarapoto, PE 	S. America Upper 
225	Total Amount 	
		
 		
Russian Building Block 		
Amount Needed 	City 	Region 
25	Laascaanood, SO 	Africa East 
50	Aktau, KZ 	Asia Center 
150	Alexandria, EG 	Africa East 
150	Syktyvkar, RU 	Russia West 
375	Total Amount 	
		
 		
Russian Perfume 		
Amount Needed 	City 	Region 
50	Galkayo, SO 	Africa East 
150	Giza, EG 	Africa East 
150	Arkhangelsk, RU 	Russia West 
350	Total Amount 	
		
 		
Salmon 		
Amount Needed 	City 	Region 
25	Essaouira, MA 	Africa West 
25	Mamou, GN 	Africa West 
25	Rjim Maatoug, TN 	Africa West 
25	Magadan, RU 	Russia East 
25	Little Rock, AK 	USA South 
50	Busseltron, AU 	Oceania West 
50	Charleston, WV 	USA East 
150	Saskatoon, SK 	Canada Center 
150	Vladivostok, RU 	Russia East 
150	Salta, AR 	S. America Lower 
150	Juliaca, PE 	S. America Upper 
350	Stanley, FK 	S. America Lower 
350	Memphis, TN 	USA South 
1	Chihuahua, MX 	Mexico 
2,525	Total Amount 	
		
 		
Salt 		
Amount Needed 	City 	Region 
50	Tiaret, AL 	Africa West 
150	Mbabane, SZ 	Africa South 
1	Kingston, NF 	Oceania East 
1,2	Total Amount 	
		
 		
Samoan Spring Water 		
Amount Needed 	City 	Region 
50	Kununurra, AU 	Oceania West 
50	Total Amount 	
		
 		
Samovar 		
Amount Needed 	City 	Region 
25	Zagora, MA 	Africa West 
50	Porto-Novo, BJ 	Africa West 
150	Grozny, RU 	Russia West 
225	Total Amount 	
		
 		
Sausage 		
Amount Needed 	City 	Region 
25	Ostrava, CZ 	Europe East 
25	Mirny, RU 	Russia East 
50	Jijiga, ET 	Africa East 
50	Tobruk, LY 	Africa East 
50	La Ceiba, HN 	Central America 
50	Lisbon, PT 	Europe South 
150	Nantes, FR 	Europe West 
150	Cains, AU 	Oceania East 
350	Dublin, IE 	Europe West 
350	Belo Horizonte, BR 	S. America Center 
1	Xi'an, CN 	Asia North 
2,25	Total Amount 	
		
 		
Shapka 		
Amount Needed 	City 	Region 
50	Bamenda, CM 	Africa Center 
150	Saratov, RU 	Russia West 
200	Total Amount 	
		
 		
Sheep 		
Amount Needed 	City 	Region 
25	Bria, CF 	Africa Center 
25	Butembo, DR 	Africa Center 
25	Bardai, TD 	Africa East 
25	Sofia, BG 	Europe East 
50	Ljubljana, SI 	Europe South 
50	Broome, AU 	Oceania West 
50	Linden, GY 	S. America Upper 
150	Edinburgh, SCT 	Europe West 
350	Bern, CH 	Europe West 
350	Omsk, RU 	Russia East 
1	Oaxaca, MX 	Mexico 
2,1	Total Amount 	
		
 		
Silk 		
Amount Needed 	City 	Region 
25	Faya-Largeau, TD 	Africa East 
150	Nairobi, KE 	Africa East 
150	Port Louis, MU 	Africa South 
150	Macau, CN 	Asia North 
150	Chiclayo, PE 	S. America Upper 
1	Nuku'alofa, TO 	Oceania East 
1,625	Total Amount 	
		
 		
Soccer Ball 		
Amount Needed 	City 	Region 
25	Kang, BW 	Africa South 
50	Pemba, MZ 	Africa South 
50	Katoomba, AU 	Oceania East 
1	Sao Paulo, BR 	S. America Center 
1,125	Total Amount 	
		
 		
Soy Bean 		
Amount Needed 	City 	Region 
50	Johannesburg, SA 	Africa South 
50	Toamasina, MG 	Africa South 
50	Barcelos, BR 	S. America Center 
150	Hobart, AU 	Oceania East 
350	Bayan Nur, CN 	Asia North 
650	Total Amount 	
		
 		
Soy Sauce 		
Amount Needed 	City 	Region 
50	Bayankhongor, MN 	Asia North 
150	Brazzaville, ROC 	Africa Center 
150	Chimbote, PE 	S. America Upper 
350	Total Amount 	
		
 		
Steel 		
Amount Needed 	City 	Region 
50	Guelmim, MA 	Africa West 
50	Mornrovia, LR 	Africa West 
50	Nador, MA 	Africa West 
150	Charlottetown, PE 	Canada East 
150	Havana, CU 	Caribbean 
150	Baton Rouge, LA 	USA South 
350	Edmonton, AB 	Canada West 
350	Mazatlan, MX 	Mexico 
350	Volgograd, RU 	Russia West 
1	Noumeo, NC 	Oceania East 
2,65	Total Amount 	
		
 		
Strawberry 		
Amount Needed 	City 	Region 
25	Awbari, LY 	Africa East 
25	Yellowknife, NT 	Canada West 
25	Galway, IE 	Europe West 
25	Fort Stockton, TX 	USA South 
50	Dessie, ET 	Africa East 
50	Bedourie, AU 	Oceania East 
150	Harare, ZW 	Africa South 
150	Samarkand, UZ 	Asia Center 
350	Kodiak, AK 	Alaska 
350	Ulanqab, CN 	Asia North 
350	Santa Clara, CU 	Caribbean 
350	Maracaibo, VE 	S. America Upper 
350	Boston, MA 	USA East 
1	Milano, IT 	Europe South 
3,25	Total Amount 	
		
 		
Sugarcane 		
Amount Needed 	City 	Region 
50	Ambovombe, MG 	Africa South 
50	Nacala, MZ 	Africa South 
50	Carnarvon, AU 	Oceania West 
350	Fortaleza, BR 	S. America Center 
500	Total Amount 	
		
 		
Sunflower 		
Amount Needed 	City 	Region 
50	Kamina, DR 	Africa Center 
150	Bariloche, AR 	S. America Lower 
200	Total Amount 	
		
 		
Surf Board 		
Amount Needed 	City 	Region 
50	Charleville, AU 	Oceania East 
150	Tanami, AU 	Oceania West 
200	Total Amount 	
		
 		
Sweet Potato 		
Amount Needed 	City 	Region 
50	Annaba, AL 	Africa West 
50	Easter Island 	S. America Lower 
150	Dakar, SN 	Africa West 
150	Temuco, CL 	S. America Lower 
350	Caracas, VE 	S. America Upper 
750	Total Amount 	
		
 		
Tea 		
Amount Needed 	City 	Region 
25	Gobabis, NA 	Africa South 
25	Katima Mulilo, ZM 	Africa South 
25	San Pedro Sula, HN 	Central America 
25	Vaduz, LT 	Europe West 
50	Southampton, UK 	Europe West 
150	Oryol Oblast, RU 	Russia West 
150	Copiapo, CL 	S. America Lower 
350	Shenyang, CN 	Asia North 
350	Amsterdam, NL 	Europe West 
1	London, UK 	Europe West 
2,15	Total Amount 	
		
 		
Tomato 		
Amount Needed 	City 	Region 
25	Bluefields, NI 	Central America 
50	Kindu, DR 	Africa Center 
50	Mek'ele, ET 	Africa East 
50	Camaguey, CU 	Caribbean 
50	Puerto Cabezas, NI 	Central America 
150	Dar es Salaam, TZ 	Africa Center 
150	Penza, RU 	Russia West 
150	Porto Velho, BR 	S. America Center 
350	Okayama, JP 	Asia East 
350	Saltillo, MX 	Mexico 
1	San Jose, CR 	Central America 
2,375	Total Amount 	
		
 		
Trout 		
Amount Needed 	City 	Region 
25	El Kef, TN 	Africa West 
150	Libreville, GA 	Africa Center 
150	Maputo, MZ 	Africa South 
150	Resistencia, AR 	S. America Lower 
475	Total Amount 	
		
 		
Tulip 		
Amount Needed 	City 	Region 
25	Kaoma, ZM 	Africa South 
25	Mariental, NA 	Africa South 
50	Sarajevo, HB 	Europe South 
150	Warsaw, PL 	Europe North 
150	Cabo San Lucas, MX 	Mexico 
150	Mackay, AU 	Oceania East 
150	Barnaul, RU 	Russia East 
350	Seoul, SK 	Asia East 
350	Andorra La Vella, AD 	Europe South 
350	Sao Luis, BR 	S. America Center 
1	Paris, FR 	Europe West 
2,75	Total Amount 	
		
 		
Tuna 		
Amount Needed 	City 	Region 
50	Isiro, DR 	Africa Center 
150	Lilongwe, MW 	Africa Center 
150	Tripoli, LY 	Africa East 
350	Montevideo, UY 	S. America Lower 
700	Total Amount 	
		
 		
Turkey 		
Amount Needed 	City 	Region 
25	Beira, MZ 	Africa South 
25	Morombe, MG 	Africa South 
50	Kalgoorlie, AU 	Oceania West 
50	El Calafate, AR 	S. America Lower 
150	Puerto La Cruz, VE 	S. America Upper 
350	Auckland, NZ 	Oceania East 
650	Total Amount 	
		
 		
Uranium 		
Amount Needed 	City 	Region 
25	Chipata, ZM 	Africa South 
25	Khatanga, RU 	Russia East 
50	Kuito, AO 	Africa South 
150	Bambari, CF 	Africa Center 
350	Kazan, RU 	Russia West 
600	Total Amount 	
		
 		
Utility Knife 		
Amount Needed 	City 	Region 
25	Rundu, NA 	Africa South 
25	Managua, NI 	Central America 
25	Minsk, BY 	Europe North 
50	Mongu, ZM 	Africa South 
50	Vilnius, LT 	Europe North 
150	Stockholm, SE 	Europe North 
350	Oslo, NO 	Europe North 
675	Total Amount 	
		
 		
Valenki 		
Amount Needed 	City 	Region 
50	Oyala, GQ 	Africa Center 
50	Abakan, RU 	Russia East 
150	Murmansk, RU 	Russia West 
250	Total Amount 	
		
 		
Vanilla 		
Amount Needed 	City 	Region 
50	Gladstone, AU 	Oceania East 
50	Total Amount 	
		
 		
Volley Ball 		
Amount Needed 	City 	Region 
50	Bissau, GW 	Africa West 
50	Sfax, TN 	Africa West 
150	Rio Branco, BR 	S. America Center 
250	Total Amount 	
		
 		
Wasabi 		
Amount Needed 	City 	Region 
25	Bol, TD 	Africa East 
50	Kisumu, KE 	Africa East 
350	Ulaanbaatar, MN 	Asia North 
425	Total Amount 	
		
 		
Watch 		
Amount Needed 	City 	Region 
150	Samara, EH 	Africa West 
350	Chelyabinsk, RU 	Russia West 
500	Total Amount 	
		
 		
Water 		
Amount Needed 	City 	Region 
25	Guelta Zemmur, EH 	Africa West 
25	San-Pedro, CI 	Africa West 
25	Tantan, MA 	Africa West 
50	Fort McMurray, AB 	Canada West 
50	Bucharest, RO 	Europe East 
150	Aktobe, KZ 	Asia Center 
150	Santiago de Cuba, CU 	Caribbean 
150	San Marino, SM 	Europe South 
350	Kunming, CN 	Asia North 
1	Las Vegas, NV 	USA West 
1,975	Total Amount 	
		
 		
Water Chestnut 		
Amount Needed 	City 	Region 
25	Mahajanga, MG 	Africa South 
50	Bloemfontein, SA 	Africa South 
350	Jinan, CN 	Asia North 
425	Total Amount 	
		
 		
Watermelon 		
Amount Needed 	City 	Region 
25	Murzuq, LY 	Africa East 
150	Addis Ababa, ET 	Africa East 
150	Astana, KZ 	Asia Center 
150	Valparaiso, CL 	S. America Lower 
1	Anchorage, AK 	Alaska 
1,475	Total Amount 	
		
 		
Wheat 		
Amount Needed 	City 	Region 
25	Lindi, TZ 	Africa Center 
25	Edmundston, NB 	Canada East 
25	Batagay, RU 	Russia East 
50	Kisangani, DR 	Africa Center 
50	Hopper Bay, AK 	Alaska 
50	Port-au-Prince, HT 	Caribbean 
50	Jackson, MS 	USA South 
50	Boise, ID 	USA West 
150	Djibouti, DJ 	Africa East 
150	Osh, KG 	Asia Center 
150	Petrozavodsk, RU 	Russia West 
150	Indianapolis, IN 	USA Center 
350	Goiania, BR 	S. America Center 
1	Moscow, RU 	Russia West 
2,275	Total Amount 	
		
 		
Wood 		
Amount Needed 	City 	Region 
25	Chinsali, ZM 	Africa South 
25	Saurimo, AO 	Africa South 
25	Zhezqazghan, KZ 	Asia Center 
25	Nyagan, RU 	Russia East 
25	Concord, NH 	USA East 
25	Frankfort, KY 	USA South 
50	Khovd, MN 	Asia North 
50	Maykop, RU 	Russia West 
50	Montgomery, AL 	USA South 
150	Yaounde, CM 	Africa Center 
150	Port-de-Paix, HT 	Caribbean 
150	Merauke, PG 	Oceania East 
150	Yakutsk, RU 	Russia East 
150	St. Louis, MO 	USA Center 
1,05	Total Amount 	
		
 		
Wool 		
Amount Needed 	City 	Region 
50	El Hoceima, MA 	Africa West 
50	Yamoussoukro, CI 	Africa West 
50	Rio Gallegos, AR 	S. America Lower 
150	Jayapura, PG 	Oceania East 
1	Suva, FJ 	Oceania East 
1,3	Total Amount 	
		
 		
Woven Rug 		
Amount Needed 	City 	Region 
50	Gurúè, MZ 	Africa South 
350	Cochabamba, BO 	S. America Center 
400	Total Amount 	
		
 		
Yogurt 		
Amount Needed 	City 	Region 
50	Ampilatwatja, AU 	Oceania West 
50	Esperance, AU 	Oceania West 
100	Total Amount 	
		
 		
Zhostovo Tray 		
Amount Needed 	City 	Region 
50	El-Aaiun, EH 	Africa West 
50	Parakou, BJ 	Africa West 
150	Yaroslavl, RU 	Russia West 
250	Total Amount 	
		
 		
Zinc Ore 		
Amount Needed 	City 	Region 
25	Itampolo, MG 	Africa South 
25	Nampula, MZ 	Africa South 
150	Tacna, PE 	S. America Upper 
200	Total Amount	
